,index,om,yr,tz,stf,stn,mag,inj,fat,loss,closs,slat,slon,len,wid,fc,p_elat,p_elon,Time,sDate,sTime,Predicted_Time
14,5182,390,1960.0,3,19,10,2,0,0,4,0,42.5,-94.2,1,200,0,44.45320020582008,-93.78748864059897,0.0,6/16/1960,13:00:00,1900-01-01 13:00:00
29,5130,339,1960.0,3,20,40,0,0,0,1,0,38.98,-97.15,0.1,10,1,0.057051480649958825,-0.12547354452699266,20.0,6/1/1960,20:00:00,1900-01-02 16:00:00
31,4801,9,1960.0,3,1,1,1,0,0,3,0,30.63,-88.1,0.1,10,0,4.6403569731910865,-11.252404405899396,16.0,2/4/1960,15:52:00,1900-01-02 07:52:00
76,20393,601,1960.0,3,29,33,1,0,0,3,0,37.8,-92.13,0.2,10,0,38.65222398148079,-98.38733283056858,3.0,11/19/1960,13:30:00,1900-01-01 16:30:00
105,20207,415,1960.0,3,17,33,2,0,0,5,0,39.17,-88.65,0.1,10,0,45.72218868029824,-96.80281803780359,3.0,6/23/1960,2:00:00,1900-01-01 05:00:00
130,5065,273,1960.0,3,40,76,1,0,0,0,0,36.3,-95.43,0.1,10,0,5.625509701111096,-12.86671161855914,17.0,5/19/1960,20:30:00,1900-01-02 13:30:00
141,4990,198,1960.0,3,5,14,2,4,0,3,0,35.45,-92.5,8.2,333,0,1.4380337153520575,-3.5186400138945406,19.0,5/6/1960,2:00:00,1900-01-01 21:00:00
215,20280,488,1960.0,3,19,15,0,0,0,0,0,42.6,-92.77,0.1,150,0,29.936530385330585,-88.90966117346997,12.0,7/24/1960,15:00:00,1900-01-02 03:00:00
223,5157,365,1960.0,3,48,49,0,0,0,4,0,34.83,-102.4,0.1,10,0,1.735770781995034,-5.0983452502571645,20.0,6/10/1960,19:45:00,1900-01-02 15:45:00
244,5398,607,1960.0,3,20,55,2,0,0,2,0,37.4,-98.43,27.9,10,1,36.05387627981677,-85.98398061324521,2.0,11/27/1960,19:00:00,1900-01-01 21:00:00
256,4869,77,1960.0,3,5,6,3,3,0,5,0,35.47,-94.28,13.6,833,0,0.24680742345141712,-0.7156932438939658,20.0,4/15/1960,15:00:00,1900-01-02 11:00:00
282,5199,407,1960.0,3,31,27,1,0,0,0,0,41.23,-103.65,0.4,10,0,0.0794561535259121,-0.1992986292413491,21.0,6/20/1960,21:53:00,1900-01-02 18:53:00
305,4859,67,1960.0,3,13,2,1,0,0,3,0,30.75,-84.5,0.5,33,0,39.511991270495336,-93.90416615689918,2.0,4/12/1960,12:00:00,1900-01-01 14:00:00
308,4984,192,1960.0,3,48,25,0,0,0,3,0,32.95,-96.9,0.1,10,0,33.00107602697708,-99.55604844243507,0.0,5/5/1960,23:30:00,1900-01-01 23:30:00
340,20090,298,1960.0,3,18,8,2,0,0,3,0,41.57,-86.77,0.1,10,0,39.40430563635408,-98.9255716431885,4.0,5/22/1960,16:30:00,1900-01-01 20:30:00
342,19833,41,1960.0,3,12,9,1,0,0,1,0,28.05,-82.48,0.1,10,0,3.7167088108730724,-7.613397444445863,46.0,3/17/1960,16:30:00,1900-01-03 14:30:00
347,20306,514,1960.0,3,19,17,1,0,0,0,0,41.2,-95.13,0.1,10,0,41.947197085955814,-102.16913606676397,3.0,8/8/1960,11:00:00,1900-01-01 14:00:00
387,4912,120,1960.0,3,40,18,2,1,0,3,0,35.17,-97.95,3.6,200,0,45.73816209840109,-97.9874248352646,2.0,4/28/1960,19:45:00,1900-01-01 21:45:00
422,5262,470,1960.0,3,1,8,0,0,0,0,0,31.65,-86.6,0.1,10,0,43.561094514475705,-98.50823373316274,3.0,7/6/1960,21:00:00,1900-01-02 00:00:00
473,4878,86,1960.0,3,18,3,1,0,0,3,0,39.83,-86.1,0.1,10,1,0.007937887943420444,-0.018209938208992617,18.0,4/16/1960,16:30:00,1900-01-02 10:30:00
483,5134,342,1960.0,3,12,16,2,0,0,3,0,30,-81.68,0.1,10,0,35.205358431131614,-92.02384272745257,2.0,6/4/1960,19:15:00,1900-01-01 21:15:00
486,5011,219,1960.0,3,20,17,0,0,0,0,0,37.13,-102,1,200,0,0.11268437026560903,-0.3442536421027358,21.0,5/16/1960,1:10:00,1900-01-01 22:10:00
498,4896,104,1960.0,3,17,10,1,4,0,4,0,37.05,-89.2,1,60,0,39.279397850220114,-96.0828429505414,1.0,4/21/1960,18:40:00,1900-01-01 19:40:00
523,5013,221,1960.0,3,20,19,1,0,0,4,0,39.5,-97.07,4.7,250,0,0.3148216097023962,-0.7600561795897397,20.0,5/16/1960,2:00:00,1900-01-01 22:00:00
546,19915,123,1960.0,3,40,21,2,0,0,5,0,35.18,-97.95,2,300,0,0.2396788343725235,-0.563897630721229,42.0,4/28/1960,20:55:00,1900-01-03 14:55:00
572,5396,604,1960.0,3,28,8,1,0,0,4,0,31.72,-89.22,0.1,10,1,33.00002138198659,-80.16307507293445,1.0,11/27/1960,18:30:00,1900-01-01 19:30:00
574,19809,17,1960.0,3,29,2,2,0,0,4,0,37.7,-90.55,9.3,100,0,38.97276716491504,-88.06824204245557,1.0,2/9/1960,20:45:00,1900-01-01 21:45:00
586,5102,310,1960.0,3,31,11,1,0,0,4,0,41.85,-103.07,0.1,10,0,34.87612129166654,-99.95393893420177,1.0,5/24/1960,18:45:00,1900-01-01 19:45:00
598,19802,10,1960.0,3,22,2,2,8,0,5,0,29.8,-90.8,4.3,100,0,29.141133157231533,-95.0991070258696,1.0,2/4/1960,18:00:00,1900-01-01 19:00:00
603,5266,474,1960.0,3,19,13,2,0,0,5,0,43.4,-95.1,1,300,0,33.72153247921249,-98.23024249374605,2.0,7/12/1960,16:00:00,1900-01-01 18:00:00
614,5070,278,1960.0,3,29,17,1,0,0,4,0,37.35,-94.47,1.5,17,0,0.020334514472034382,-0.05529871483803183,20.0,5/19/1960,22:15:00,1900-01-02 18:15:00
648,5169,377,1960.0,3,31,15,1,0,0,4,0,40.83,-100.03,11,10,0,0.0,0.0,21.0,6/15/1960,1:00:00,1900-01-01 22:00:00
660,19864,72,1960.0,3,40,11,1,0,0,3,0,36.65,-102.63,0.2,300,1,4.782440031953539,-11.25753845852433,54.0,4/12/1960,20:00:00,1900-01-04 02:00:00
663,20255,463,1960.0,3,38,3,0,0,0,0,0,46.7,-100.2,0.1,10,0,32.79356351570421,-96.46805022698862,13.0,7/3/1960,15:15:00,1900-01-02 04:15:00
680,5146,354,1960.0,3,22,8,1,0,0,4,0,30.75,-92.4,1,33,0,39.02284208962431,-85.49902101240495,2.0,6/9/1960,16:00:00,1900-01-01 18:00:00
686,20157,365,1960.0,3,48,49,0,0,0,4,0,34.83,-102.4,0.1,10,0,1.4925122013687775,-4.18822412216936,90.0,6/10/1960,19:45:00,1900-01-05 13:45:00
689,19878,86,1960.0,3,18,3,1,0,0,3,0,39.83,-86.1,0.1,10,1,35.11840965847498,-83.92191158976526,3.0,4/16/1960,16:30:00,1900-01-01 19:30:00
690,19912,120,1960.0,3,40,18,2,1,0,3,0,35.17,-97.95,3.6,200,0,2.677224709429171,-7.700241539361332,38.0,4/28/1960,19:45:00,1900-01-03 09:45:00
695,20370,578,1960.0,3,48,66,3,1,0,5,0,34.63,-102.72,1,100,0,0.00390555170020819,-0.009501891047883413,33.0,10/13/1960,17:05:00,1900-01-03 02:05:00
721,19850,58,1960.0,3,45,1,2,0,0,4,0,34.42,-82,9.8,50,0,39.79655009572615,-83.45791776325022,2.0,3/30/1960,19:06:00,1900-01-01 21:06:00
740,5359,567,1960.0,3,22,9,1,0,0,4,0,32.37,-92.6,0.5,33,0,0.4801999713271013,-1.2252127647538116,19.0,9/24/1960,13:50:00,1900-01-02 08:50:00
741,5223,431,1960.0,3,48,55,0,0,0,3,0,29.25,-97.22,0.4,150,0,0.043793655697332096,-0.10454276277414198,20.0,6/26/1960,7:00:00,1900-01-02 03:00:00
773,20196,404,1960.0,3,31,25,2,0,0,4,0,41.05,-102.7,2,10,0,1.3759504436607668,-2.8606321730239754,42.0,6/20/1960,19:00:00,1900-01-03 13:00:00
775,20355,563,1960.0,3,1,10,2,2,0,5,0,33.18,-86.27,0.3,33,0,0.1204503447344408,-0.2616671060805058,38.0,9/19/1960,15:50:00,1900-01-03 05:50:00
776,20188,396,1960.0,3,26,4,2,0,0,3,0,41.83,-86.27,0.1,10,0,39.02218312110369,-112.1190691311126,8.0,6/17/1960,23:20:00,1900-01-02 07:20:00
805,19821,29,1960.0,3,37,2,1,0,0,3,0,35.23,-80.9,23.7,10,0,35.192026263383966,-80.8423602329468,0.0,2/18/1960,13:50:00,1900-01-01 13:50:00
806,5256,464,1960.0,3,17,39,1,0,0,5,0,41.5,-88.17,23.6,150,0,37.74154325992979,-100.15061637497698,2.0,7/4/1960,16:00:00,1900-01-01 18:00:00
836,4940,148,1960.0,3,20,15,0,0,0,1,0,39.43,-101.55,0.5,10,1,37.716053034317596,-82.33507588817243,3.0,5/4/1960,18:43:00,1900-01-01 21:43:00
838,20262,470,1960.0,3,1,8,0,0,0,0,0,31.65,-86.6,0.1,10,0,0.20796967251508153,-0.6625882827106646,81.0,7/6/1960,21:00:00,1900-01-05 06:00:00
911,5086,294,1960.0,3,19,7,1,0,0,4,0,42.2,-93.1,2,100,0,3.3950464546775017,-7.753473008201496,18.0,5/21/1960,17:10:00,1900-01-02 11:10:00
948,5395,603,1960.0,3,24,2,1,0,0,3,0,39.43,-77.2,1,33,0,0.4247392857142857,-1.104757142857143,17.0,11/27/1960,17:00:00,1900-01-02 10:00:00
954,5345,553,1960.0,3,36,4,1,0,0,1,0,43.35,-76.28,2,250,0,0.3099352677555041,-0.7214262213345326,17.0,9/11/1960,13:00:00,1900-01-02 06:00:00
963,20361,569,1960.0,3,48,65,0,0,0,0,0,26.92,-97.28,0.1,10,0,36.70380035095366,-85.38778024196476,13.0,9/29/1960,11:05:00,1900-01-02 00:05:00
988,5048,256,1960.0,3,5,23,1,0,0,4,0,35.4,-92.72,8.7,417,0,35.28036290680092,-72.97669666483257,3.0,5/19/1960,16:00:00,1900-01-01 19:00:00
995,19957,165,1960.0,3,5,9,2,0,0,4,0,35.2,-92.2,0.8,417,0,0.020258428728759954,-0.05617150830799414,40.0,5/5/1960,13:38:00,1900-01-03 05:38:00
1046,5173,381,1960.0,3,26,3,2,0,0,4,0,42.25,-84.33,5.6,33,0,26.38973770480647,-75.39580170193601,3.0,6/15/1960,18:00:00,1900-01-01 21:00:00
1069,5205,413,1960.0,3,39,5,2,0,0,4,0,39.1,-83.8,0.1,400,0,0.06245071193121693,-0.19023678791288134,18.0,6/22/1960,20:00:00,1900-01-02 14:00:00
1129,20214,422,1960.0,3,39,6,1,0,0,3,0,40.2,-82.7,1,10,0,39.7595823085129,-92.43913107669552,4.0,6/24/1960,16:00:00,1900-01-01 20:00:00
1143,20101,309,1960.0,3,56,2,1,1,0,4,0,43.25,-104.4,0.1,17,0,39.880382651868125,-104.68577680197885,2.0,5/24/1960,18:27:00,1900-01-01 20:27:00
1162,20395,603,1960.0,3,24,2,1,0,0,3,0,39.43,-77.2,1,33,0,0.0,0.0,49.0,11/27/1960,17:00:00,1900-01-03 18:00:00
1171,5326,534,1960.0,3,39,7,2,0,0,4,0,40.5,-83.18,4.5,880,0,32.7383838674966,-97.6185569375566,3.0,8/23/1960,15:00:00,1900-01-01 18:00:00
1186,20041,249,1960.0,3,31,4,2,1,0,5,0,40.55,-100.17,4.5,10,0,33.80402667282959,-75.60975783453164,9.0,5/18/1960,21:00:00,1900-01-02 06:00:00
1205,20123,331,1960.0,3,39,3,1,0,0,4,0,41.23,-81.83,1.5,10,0,40.007180467660994,-93.94623444007522,5.0,5/31/1960,21:00:00,1900-01-02 02:00:00
1207,20228,436,1960.0,3,46,5,0,0,0,3,0,45.52,-98.62,0.1,10,0,2.7815539121261863,-6.682612878237362,84.0,6/26/1960,22:05:00,1900-01-05 10:05:00
1227,19872,80,1960.0,3,20,4,3,2,0,0,0,38.58,-94.65,8.4,500,0,0.8566933333333333,-2.52324,30.0,4/16/1960,14:30:00,1900-01-02 20:30:00
1232,20082,290,1960.0,3,40,81,1,0,0,3,0,33.9,-94.8,0.8,100,0,0.35651783146575794,-0.7652560269739501,57.0,5/20/1960,6:45:00,1900-01-03 15:45:00
1276,5073,283,1960.0,3,40,79,0,0,0,0,0,35.95,-95.8,0.1,10,1,34.19231431538956,-111.71323013325798,2.0,5/19/1960,23:20:00,1900-01-02 01:20:00
1282,5047,255,1960.0,3,31,9,0,0,0,3,0,42.68,-98.15,0.3,10,0,41.685039898042795,-92.73090947025807,0.0,5/19/1960,16:00:00,1900-01-01 16:00:00
1303,20297,505,1960.0,3,38,10,2,0,0,3,0,46.9,-99.3,0.1,10,0,39.67803890333621,-100.21064171347618,3.0,8/2/1960,19:00:00,1900-01-01 22:00:00
1311,20292,500,1960.0,3,27,5,1,0,0,4,0,46.42,-96.23,0.1,10,0,32.535150595246726,-86.17751598011591,9.0,7/29/1960,16:15:00,1900-01-02 01:15:00
1318,5090,298,1960.0,3,18,8,2,0,0,3,0,41.57,-86.77,0.1,10,0,0.8814077683274707,-2.0599421574176158,18.0,5/22/1960,16:30:00,1900-01-02 10:30:00
1331,19890,98,1960.0,3,40,14,1,0,0,3,0,36.97,-95.35,1,100,0,0.19705099815868046,-0.5762782196368293,57.0,4/16/1960,22:15:00,1900-01-04 07:15:00
1338,20078,286,1960.0,3,48,29,2,0,0,5,0,33.63,-96.58,2.7,67,0,46.84943318374627,-95.24506493294831,5.0,5/20/1960,5:15:00,1900-01-01 10:15:00
1344,20235,443,1960.0,3,55,5,2,0,0,4,0,44.57,-91.58,12.2,67,0,0.10860666666666667,-0.35962666666666665,39.0,6/28/1960,23:00:00,1900-01-03 14:00:00
1358,5330,538,1960.0,3,13,6,0,0,0,5,0,30.68,-83.18,2,200,0,32.09439324498049,-82.016781207805,0.0,8/25/1960,5:10:00,1900-01-01 05:10:00
1387,5034,242,1960.0,3,40,63,1,0,0,3,0,34.77,-97.27,0.5,50,0,45.13806496551274,-94.45536832046824,2.0,5/18/1960,16:10:00,1900-01-01 18:10:00
1394,20347,555,1960.0,3,45,3,3,10,0,6,0,32.78,-79.83,8.8,100,0,38.00273082952966,-90.37095000344962,3.0,9/11/1960,15:00:00,1900-01-01 18:00:00
1409,5118,326,1960.0,3,48,36,1,0,0,0,0,34.98,-102.05,1.3,33,0,0.4535388292110315,-1.0525819157056244,21.0,5/28/1960,17:00:00,1900-01-02 14:00:00
1420,5005,213,1960.0,3,13,4,2,0,0,4,0,31.37,-84.17,1,33,0,37.65810057520123,-89.27845770137688,1.0,5/11/1960,13:30:00,1900-01-01 14:30:00
1421,4810,18,1960.0,3,17,1,1,2,0,5,0,38.73,-89.88,0.1,10,0,31.525345545302073,-84.43448372917254,1.0,2/9/1960,21:25:00,1900-01-01 22:25:00
1540,19886,94,1960.0,3,19,4,1,0,0,4,0,40.83,-91.83,15.8,500,0,40.114299583333334,-81.99162672619045,4.0,4/16/1960,20:05:00,1900-01-02 00:05:00
1560,19838,46,1960.0,3,22,5,0,0,0,3,0,30.8,-90.37,0.5,33,0,0.008091002201680495,-0.01820863476841755,85.0,3/29/1960,17:00:00,1900-01-05 06:00:00
1586,20135,343,1960.0,3,17,26,1,0,0,2,0,41.43,-88.77,0.1,10,1,0.003496142433234421,-0.008170029673590505,54.0,6/4/1960,23:37:00,1900-01-04 05:37:00
1594,20216,424,1960.0,3,50,1,2,0,0,4,0,44.63,-72.9,2,100,0,33.78627131092255,-107.9096770608524,12.0,6/24/1960,16:40:00,1900-01-02 04:40:00
1599,20050,258,1960.0,3,40,69,1,0,0,3,0,34.9,-98.25,0.1,10,0,0.7912154942354508,-1.9841055612971386,58.0,5/19/1960,16:50:00,1900-01-04 02:50:00
1604,20000,208,1960.0,3,5,20,1,0,0,4,0,35.85,-90.1,14,100,0,32.56119248845973,-96.98503473933508,4.0,5/7/1960,0:55:00,1900-01-01 04:55:00
1609,19914,122,1960.0,3,40,20,3,2,0,4,0,35.22,-97.95,3.6,200,0,42.16561070938689,-97.5977075641929,2.0,4/28/1960,20:50:00,1900-01-01 22:50:00
1670,20401,609,1960.0,3,20,57,1,0,0,3,0,38.62,-97.03,0.1,10,1,5.057889388266417,-15.064409199130555,49.0,11/27/1960,20:00:00,1900-01-03 21:00:00
1671,5333,541,1960.0,3,27,6,2,0,0,4,0,47.7,-95.42,0.2,40,0,37.38596937476267,-93.51996487364242,2.0,8/25/1960,21:00:00,1900-01-01 23:00:00
1726,19837,45,1960.0,3,40,5,2,0,0,3,0,36.3,-99.9,24.2,200,0,0.1932750751223444,-0.4961927851814615,42.0,3/29/1960,16:30:00,1900-01-03 10:30:00
1749,19976,184,1960.0,3,40,56,4,13,5,5,0,35.38,-94.55,5.4,10,0,0.0019189223003889268,-0.004469092455959734,24.0,5/5/1960,20:50:00,1900-01-02 20:50:00
1783,4836,44,1960.0,3,28,3,1,0,0,3,0,32.33,-90.35,0.1,10,0,0.09960744782931684,-0.2750673014968884,19.0,3/29/1960,5:30:00,1900-01-02 00:30:00
1802,19892,100,1960.0,3,40,15,2,2,0,4,0,36.6,-95.2,3.8,200,0,0.0028548562059121894,-0.00696928916884894,41.0,4/17/1960,2:00:00,1900-01-02 19:00:00
1808,5343,551,1960.0,3,23,1,1,0,0,4,0,46.87,-68.02,9.7,100,0,38.428170000012884,-92.16854107205019,4.0,9/9/1960,14:00:00,1900-01-01 18:00:00
1831,5303,511,1960.0,3,31,38,1,0,0,3,0,41.47,-98.7,0.1,10,0,41.22511581039235,-97.6644173499626,0.0,8/6/1960,21:00:00,1900-01-01 21:00:00
1857,20094,302,1960.0,3,40,83,2,0,0,0,0,35.1,-98.55,0.1,10,0,34.165693018953064,-87.02403198931523,4.0,5/23/1960,19:40:00,1900-01-01 23:40:00
1874,5300,508,1960.0,3,26,6,1,0,0,4,0,42.3,-85.6,0.1,10,0,2.574985077682362,-5.510698738033512,17.0,8/5/1960,16:30:00,1900-01-02 09:30:00
1902,5083,291,1960.0,3,48,33,0,0,0,2,0,30.7,-96.37,0.3,17,0,43.641526700937966,-92.59154567876567,2.0,5/20/1960,14:20:00,1900-01-01 16:20:00
1909,19849,57,1960.0,3,13,1,1,0,0,3,0,32.3,-84.92,0.6,300,0,33.7138465610253,-81.15960020752897,2.0,3/30/1960,17:00:00,1900-01-01 19:00:00
1947,5026,234,1960.0,3,51,3,1,0,0,4,0,38.38,-78.25,0.1,10,0,42.817427035834456,-92.26779856397589,2.0,5/17/1960,18:00:00,1900-01-01 20:00:00
1949,20003,211,1960.0,3,1,5,2,0,0,5,0,30.5,-88.1,0.2,100,0,35.895170089285756,-87.2945669642857,2.0,5/7/1960,19:30:00,1900-01-01 21:30:00
2005,5365,573,1960.0,3,37,10,1,0,0,4,0,35.07,-78.8,0.5,200,0,39.15486502405687,-89.96329984610891,2.0,10/7/1960,16:40:00,1900-01-01 18:40:00
2010,5254,462,1960.0,3,34,3,1,0,0,3,0,40.05,-74.05,2,50,0,0.13361103458448995,-0.33935018613133794,16.0,7/2/1960,23:42:00,1900-01-02 15:42:00
2062,4845,53,1960.0,3,17,5,2,0,0,4,0,38.17,-90,22.3,130,0,0.2530027454367698,-0.5791075596724033,19.0,3/30/1960,4:00:00,1900-01-01 23:00:00
2077,19908,116,1960.0,3,48,13,1,0,0,0,0,31.72,-97.13,0.2,17,0,0.6242031766231384,-1.3480951200383007,58.0,4/28/1960,19:00:00,1900-01-04 05:00:00
2099,5055,263,1960.0,3,27,1,0,0,0,0,0,43.65,-93.53,0.1,10,0,40.2526938729816,-97.619511749476,0.0,5/19/1960,18:04:00,1900-01-01 18:04:00
2106,20350,558,1960.0,3,37,9,2,8,0,4,0,34.92,-78.33,1,37,0,0.28340337856293774,-0.6823801819677623,35.0,9/15/1960,4:40:00,1900-01-02 15:40:00
2115,20356,564,1960.0,3,19,24,0,0,0,3,0,42.28,-91.1,1,77,0,31.30378826301506,-95.89617918240269,10.0,9/20/1960,13:30:00,1900-01-01 23:30:00
2151,20312,520,1960.0,3,31,39,0,0,0,0,0,41.23,-103.48,0.1,10,1,0.23460053333333333,-0.48924860000000003,94.0,8/16/1960,16:00:00,1900-01-05 14:00:00
2171,19808,16,1960.0,3,5,3,0,0,0,3,0,34.12,-93.08,2,250,0,40.965274243460954,-95.01376692292227,6.0,2/9/1960,20:35:00,1900-01-02 02:35:00
2180,4998,206,1960.0,3,28,4,1,2,0,5,0,31.08,-90.17,12.3,10,0,30.950915961488633,-85.70785588812397,0.0,5/6/1960,16:00:00,1900-01-01 16:00:00
2184,20208,416,1960.0,3,18,10,3,0,0,5,0,39.53,-87.35,0.1,10,0,41.04755775673926,-77.47931821986899,2.0,6/23/1960,2:30:00,1900-01-01 04:30:00
2188,5319,527,1960.0,3,19,19,0,0,0,0,0,42.83,-95.55,0.1,10,0,0.6329879121376811,-1.3335763134057972,20.0,8/20/1960,16:05:00,1900-01-02 12:05:00
2192,5038,246,1960.0,3,20,21,1,0,0,4,0,39.2,-99.83,6.9,100,0,43.47904905621292,-89.71295407353529,1.0,5/18/1960,17:30:00,1900-01-01 18:30:00
2196,4846,54,1960.0,3,47,1,2,1,0,4,0,35.45,-86.78,8.2,10,0,0.0,0.0,18.0,3/30/1960,4:40:00,1900-01-01 22:40:00
2205,5252,460,1960.0,3,38,2,0,0,0,0,0,46.4,-97.1,0.1,10,1,2.6987932264957264,-5.7099034416971906,19.0,7/1/1960,16:00:00,1900-01-02 11:00:00
2213,20052,260,1960.0,3,40,71,0,0,0,0,0,34.5,-97.9,0.1,10,1,0.005346395061728395,-0.013615975308641977,91.0,5/19/1960,17:30:00,1900-01-05 12:30:00
2274,19948,156,1960.0,3,40,38,3,6,0,5,0,34.82,-96.83,18.3,10,0,39.19928536280393,-88.5344214880146,2.0,5/4/1960,20:05:00,1900-01-01 22:05:00
2282,4812,20,1960.0,3,17,2,2,1,0,5,0,37.97,-89,24,77,0,37.78050920433824,-102.22643267753035,2.0,2/13/1960,15:00:00,1900-01-01 17:00:00
2284,19922,130,1960.0,3,40,28,0,0,0,0,0,36.83,-97.3,0.1,10,1,0.0,0.0,90.0,4/29/1960,17:00:00,1900-01-05 11:00:00
2292,5031,239,1960.0,3,29,14,1,0,0,3,0,36.67,-93.88,0.2,10,0,36.697229996952736,-87.61491342791673,1.0,5/18/1960,15:00:00,1900-01-01 16:00:00
2298,5114,322,1960.0,3,37,7,2,1,0,4,0,35.4,-76.1,0.1,10,0,39.69326985679455,-81.00618107320746,1.0,5/27/1960,21:35:00,1900-01-01 22:35:00
2322,20172,380,1960.0,3,30,1,1,0,0,3,0,45.7,-111.07,1.3,17,0,4.4043120995047955,-12.671190434962714,57.0,6/15/1960,17:50:00,1900-01-04 02:50:00
2344,19994,202,1960.0,3,5,18,2,0,0,4,0,33.87,-92.28,19.3,10,0,0.00390555170020819,-0.009501891047883413,40.0,5/6/1960,9:40:00,1900-01-03 01:40:00
2350,5012,220,1960.0,3,20,18,2,0,0,4,0,39.2,-97.33,0.3,100,0,40.49898523952989,-98.55569723354431,0.0,5/16/1960,1:30:00,1900-01-01 01:30:00
2364,5324,532,1960.0,3,56,7,2,0,0,2,0,42.05,-104.18,0.1,33,0,40.02802293102283,-84.97406413417366,3.0,8/21/1960,17:05:00,1900-01-01 20:05:00
2377,20346,554,1960.0,3,51,5,2,0,0,4,0,37.32,-78.63,1,10,0,0.6857308657736746,-1.5164977864965516,34.0,9/11/1960,13:00:00,1900-01-02 23:00:00
2389,20091,299,1960.0,3,36,1,0,0,0,4,0,42.7,-77.7,0.5,150,0,0.007647954088580508,-0.021776978362838553,76.0,5/23/1960,18:30:00,1900-01-04 22:30:00
2391,5246,454,1960.0,3,30,2,1,0,0,2,0,47.5,-110.8,0.3,10,1,34.118110256413964,-84.69731818058783,5.0,6/30/1960,8:00:00,1900-01-01 13:00:00
2437,5001,209,1960.0,3,17,16,2,0,0,4,0,39.5,-88.3,20.9,130,0,0.0005474462365591397,-0.0012509408602150538,19.0,5/7/1960,1:37:00,1900-01-01 20:37:00
2455,20020,228,1960.0,3,17,17,1,0,0,4,0,38.18,-89.83,0.1,10,0,1.6490589285714288,-4.056232886904762,52.0,5/16/1960,16:45:00,1900-01-03 20:45:00
2465,20300,508,1960.0,3,26,6,1,0,0,4,0,42.3,-85.6,0.1,10,0,40.4308503950104,-84.60301432071496,1.0,8/5/1960,16:30:00,1900-01-01 17:30:00
2474,4894,102,1960.0,3,17,8,1,0,0,4,0,38.35,-89.37,0.1,10,0,31.536724815959037,-86.64237497367567,1.0,4/17/1960,3:56:00,1900-01-01 04:56:00
2491,4800,8,1960.0,3,48,4,1,0,0,3,0,29.83,-93.83,2,33,0,33.9371369124253,-100.73170950014851,1.0,2/3/1960,16:15:00,1900-01-01 17:15:00
2504,5058,266,1960.0,3,31,8,1,0,0,3,0,40.2,-95.5,0.1,10,0,0.0009693826600090784,-0.00229364502950522,20.0,5/19/1960,19:00:00,1900-01-02 15:00:00
2519,5231,439,1960.0,3,31,32,2,0,0,5,0,42.75,-103.1,0.1,10,0,40.14762300642877,-88.08311105135904,2.0,6/27/1960,16:35:00,1900-01-01 18:35:00
2533,5360,568,1960.0,3,48,64,2,0,0,5,0,31.18,-94.77,0.4,30,0,0.022541165459757987,-0.05451122192843805,20.0,9/25/1960,15:20:00,1900-01-02 11:20:00
2537,20241,449,1960.0,3,29,24,1,0,0,5,0,39,-93.97,0.5,50,0,0.3576138429288853,-0.986664176979643,56.0,6/29/1960,19:00:00,1900-01-04 03:00:00
2552,5325,533,1960.0,3,48,63,2,2,0,4,0,33.12,-97.02,0.2,40,0,9.7483523405247,-20.335497511310397,15.0,8/22/1960,6:00:00,1900-01-01 21:00:00
2595,4815,23,1960.0,3,48,5,2,3,0,4,0,29.77,-95.8,4.9,100,0,0.6312984355497615,-1.664181814968221,20.0,2/17/1960,20:30:00,1900-01-02 16:30:00
2598,4989,197,1960.0,3,5,13,3,30,1,6,0,35.1,-92.62,26.7,300,0,0.11510888191471288,-0.31066969364818603,19.0,5/6/1960,1:35:00,1900-01-01 20:35:00
2617,19931,139,1960.0,3,48,15,0,0,0,0,0,34.02,-100.97,0.1,10,0,34.303466349206346,-85.12301815476195,12.0,5/4/1960,17:40:00,1900-01-02 05:40:00
2622,20149,357,1960.0,3,20,41,0,0,0,4,0,39.37,-101.63,2,10,0,39.43276928984713,-89.99666643027635,8.0,6/9/1960,18:24:00,1900-01-02 02:24:00
2639,5089,297,1960.0,3,55,4,0,0,0,0,0,43.8,-88.8,2,10,1,0.21219390568597285,-0.4565190144322072,19.0,5/22/1960,13:35:00,1900-01-02 08:35:00
2646,19910,118,1960.0,3,40,17,3,0,0,4,0,35.25,-98.33,3.3,100,0,0.010897787173097305,-0.027284652802841515,32.0,4/28/1960,19:45:00,1900-01-03 03:45:00
2690,19964,172,1960.0,3,40,45,5,81,5,6,0,35.28,-96.93,71.8,800,0,0.8779457346468246,-2.412246158212813,20.0,5/5/1960,18:16:00,1900-01-02 14:16:00
2716,5369,577,1960.0,3,1,11,0,0,0,0,0,33.75,-86.63,0.1,10,0,28.423894991418152,-77.46368740748946,2.0,10/13/1960,15:00:00,1900-01-01 17:00:00
2729,4875,83,1960.0,3,29,7,3,4,0,4,0,40.3,-94.43,27,300,0,0.44216620355619485,-1.107898008759162,19.0,4/16/1960,16:07:00,1900-01-02 11:07:00
2759,20144,352,1960.0,3,48,46,1,0,0,3,0,34.57,-100.42,0.2,20,0,0.46826225819786493,-1.4120492912497105,59.0,6/9/1960,15:10:00,1900-01-04 02:10:00
2764,5211,419,1960.0,3,17,36,2,0,0,4,0,39.98,-88.27,3.8,800,0,35.14722726177795,-95.0996916320281,1.0,6/23/1960,17:00:00,1900-01-01 18:00:00
2768,4916,124,1960.0,3,40,22,3,1,0,5,0,35.3,-97.83,1.5,200,0,5.614356207537859,-12.060956010070608,18.0,4/28/1960,20:58:00,1900-01-02 14:58:00
2776,20173,381,1960.0,3,26,3,2,0,0,4,0,42.25,-84.33,5.6,33,0,36.02535372538393,-95.45922246880282,4.0,6/15/1960,18:00:00,1900-01-01 22:00:00
2812,20097,305,1960.0,3,40,85,1,0,0,1,0,35.28,-97.63,1.5,33,0,31.6801304692128,-79.92687307340319,9.0,5/24/1960,14:00:00,1900-01-01 23:00:00
2829,20321,529,1960.0,3,55,7,0,0,0,0,0,43,-90,1,10,1,33.52616792039166,-84.58641162139605,9.0,8/20/1960,18:00:00,1900-01-02 03:00:00
2876,5216,424,1960.0,3,50,1,2,0,0,4,0,44.63,-72.9,2,100,0,44.98428932972937,-104.50005875521194,4.0,6/24/1960,16:40:00,1900-01-01 20:40:00
2892,4883,91,1960.0,3,20,5,3,0,0,4,0,38.48,-95.28,9.2,77,0,44.18495726486539,-93.31056194651168,1.0,4/16/1960,17:15:00,1900-01-01 18:15:00
2900,4891,99,1960.0,3,18,4,1,0,0,3,0,40.98,-86.67,0.1,10,1,0.0794561535259121,-0.1992986292413491,18.0,4/16/1960,23:40:00,1900-01-02 17:40:00
2912,4997,205,1960.0,3,17,15,1,0,0,5,0,39.3,-90.38,43.5,50,0,35.3416815226513,-73.74910504063192,2.0,5/6/1960,14:00:00,1900-01-01 16:00:00
2926,20210,418,1960.0,3,17,35,2,1,0,5,0,39.95,-90.22,34.9,100,0,34.67016131883477,-90.22297576400088,2.0,6/23/1960,6:00:00,1900-01-01 08:00:00
2934,19836,44,1960.0,3,28,3,1,0,0,3,0,32.33,-90.35,0.1,10,0,0.23612257575757578,-0.4374898636363636,55.0,3/29/1960,5:30:00,1900-01-03 12:30:00
2936,20322,530,1960.0,3,20,50,0,0,0,1,0,37.6,-99.12,0.1,10,0,0.913382286189217,-2.1473681342144073,89.0,8/21/1960,15:00:00,1900-01-05 08:00:00
2943,5317,525,1960.0,3,46,8,1,0,0,1,0,43.83,-97.75,0.1,10,0,6.407215595238093,-15.597509523809526,17.0,8/19/1960,11:00:00,1900-01-02 04:00:00
2949,19842,50,1960.0,3,29,4,1,0,0,3,0,36.63,-89.92,2.5,17,0,38.156887605198314,-85.91537633123444,2.0,3/29/1960,21:35:00,1900-01-01 23:35:00
2977,20182,390,1960.0,3,19,10,2,0,0,4,0,42.5,-94.2,1,200,0,0.3298642874351945,-0.8390942400224003,40.0,6/16/1960,13:00:00,1900-01-03 05:00:00
2993,19927,135,1960.0,3,18,5,1,1,0,1,0,41.6,-87.05,0.1,10,0,4.534731366740494,-10.37012900516796,47.0,5/3/1960,14:00:00,1900-01-03 13:00:00
3017,20279,487,1960.0,3,20,47,1,0,0,1,0,37.82,-97.03,0.1,10,0,36.47179002691347,-95.90067298179021,0.0,7/24/1960,13:00:00,1900-01-01 13:00:00
3056,20212,420,1960.0,3,27,3,2,0,0,3,0,43.65,-94.73,2,10,0,35.60975491869244,-97.51735192571311,3.0,6/24/1960,5:00:00,1900-01-01 08:00:00
3060,5281,489,1960.0,3,5,26,1,0,0,5,0,34.12,-91.37,2.7,1500,0,0.4542880880889597,-0.9298313846460023,19.0,7/24/1960,15:00:00,1900-01-02 10:00:00
3063,20222,430,1960.0,3,33,1,1,0,0,3,0,43.4,-71.4,0.5,50,0,31.90480566171575,-93.22888098702768,12.0,6/25/1960,19:00:00,1900-01-02 07:00:00
3079,4884,92,1960.0,3,20,6,2,1,0,3,0,37.6,-97.13,9.3,10,0,35.16811760167464,-89.6340781366294,1.0,4/16/1960,18:30:00,1900-01-01 19:30:00
3115,5314,522,1960.0,3,31,41,2,0,0,4,0,41.4,-102.35,0.1,10,0,0.24814166666666668,-0.6039749999999999,21.0,8/17/1960,19:35:00,1900-01-02 16:35:00
3139,20335,543,1960.0,3,38,14,0,0,0,0,0,46.4,-97.7,0.1,10,1,0.002638980649958827,-0.006123544526992657,89.0,8/28/1960,15:00:00,1900-01-05 08:00:00
3172,5170,378,1960.0,3,31,16,1,0,0,4,0,40.23,-95.68,1,10,0,44.79744582769543,-99.14446621334191,1.0,6/15/1960,10:35:00,1900-01-01 11:35:00
3181,20218,426,1960.0,3,42,2,2,0,0,5,0,40.2,-75.25,0.8,27,0,0.07964180432391547,-0.18426061886893957,34.0,6/24/1960,17:30:00,1900-01-03 03:30:00
3182,20275,483,1960.0,3,48,58,1,0,0,3,0,29.25,-98.65,1,13,0,36.31741853135831,-85.20103955367405,8.0,7/21/1960,14:55:00,1900-01-01 22:55:00
3206,5014,222,1960.0,3,29,12,1,0,0,3,0,40.17,-93.92,0.2,10,0,0.18714116545975798,-0.503161221928438,20.0,5/16/1960,2:30:00,1900-01-01 22:30:00
3257,20295,503,1960.0,3,40,94,2,0,0,4,0,36.35,-97.9,0.1,10,0,0.8730624621689784,-2.2775571143337534,41.0,8/2/1960,16:00:00,1900-01-03 09:00:00
3292,5162,370,1960.0,3,35,2,0,0,0,0,0,33,-107.1,0.1,10,0,39.95846596553769,-112.76839898883665,1.0,6/11/1960,16:15:00,1900-01-01 17:15:00
3314,4818,26,1960.0,3,12,2,2,0,0,5,0,30.17,-85.85,7.6,400,0,35.977849140151335,-87.10462523697691,1.0,2/18/1960,12:30:00,1900-01-01 13:30:00
3318,5172,380,1960.0,3,30,1,1,0,0,3,0,45.7,-111.07,1.3,17,0,0.10567179403372996,-0.3887768614163382,22.0,6/15/1960,17:50:00,1900-01-02 15:50:00
3347,19815,23,1960.0,3,48,5,2,3,0,4,0,29.77,-95.8,4.9,100,0,0.3672289489378942,-0.927848865900922,41.0,2/17/1960,20:30:00,1900-01-03 13:30:00
3353,20060,268,1960.0,3,40,73,1,0,0,4,0,36.42,-95.55,4.5,50,0,39.42715794422681,-79.91298026815689,7.0,5/19/1960,19:20:00,1900-01-02 02:20:00
3359,19962,170,1960.0,3,31,2,1,0,0,3,0,41.7,-97.23,0.1,10,1,0.10334438266000909,-0.2081186450295052,58.0,5/5/1960,17:00:00,1900-01-04 03:00:00
3361,20065,273,1960.0,3,40,76,1,0,0,0,0,36.3,-95.43,0.1,10,0,42.26421617719342,-110.87554284749984,8.0,5/19/1960,20:30:00,1900-01-02 04:30:00
3405,20308,516,1960.0,3,48,60,1,0,0,3,0,27.8,-97.43,0.1,17,0,0.5675716046939416,-1.3092040638930924,58.0,8/8/1960,16:00:00,1900-01-04 02:00:00
3408,5288,496,1960.0,3,38,8,0,0,0,0,0,46.8,-99.9,0.1,10,1,4.861372136319924,-11.91406013834357,18.0,7/27/1960,19:30:00,1900-01-02 13:30:00
3415,20186,394,1960.0,3,17,31,1,0,0,3,0,41.25,-87.73,0.1,10,0,27.58991303951456,-78.1015056672655,9.0,6/16/1960,16:58:00,1900-01-02 01:58:00
3424,19869,77,1960.0,3,5,6,3,3,0,5,0,35.47,-94.28,13.6,833,0,33.5745281987457,-88.77936654845152,1.0,4/15/1960,15:00:00,1900-01-01 16:00:00
3432,19988,196,1960.0,3,29,11,2,0,0,5,0,36.93,-92.77,5.7,50,0,0.06979338945643747,-0.17343308935677676,40.0,5/6/1960,1:30:00,1900-01-02 17:30:00
3442,5185,393,1960.0,3,17,30,0,0,0,3,0,38.87,-90.08,0.1,10,0,0.10781207248083209,-0.2412730967713305,19.0,6/16/1960,15:03:00,1900-01-02 10:03:00
3460,20282,491,1960.0,3,38,7,1,0,0,3,0,46,-99.9,0.1,10,1,1.8956351619472434,-5.143395251384557,56.0,7/24/1960,16:00:00,1900-01-04 00:00:00
3486,20066,274,1960.0,3,20,26,1,0,0,2,0,37.53,-95.52,2,10,0,32.66598136616433,-81.58200848748137,7.0,5/19/1960,20:45:00,1900-01-02 03:45:00
3488,20385,593,1960.0,3,55,10,2,0,0,4,0,44.63,-90.38,36,100,0,0.8911050304160125,-3.0097202776687597,38.0,11/15/1960,15:30:00,1900-01-03 05:30:00
3508,5268,476,1960.0,3,38,6,0,0,0,0,0,48.8,-101.5,0.1,10,0,32.55309703393473,-91.22807287310492,3.0,7/13/1960,15:00:00,1900-01-01 18:00:00
3548,20406,614,1960.0,3,12,31,2,0,0,3,0,30.62,-87.3,5.6,50,0,41.02939508820011,-97.43589197167623,5.0,12/4/1960,20:30:00,1900-01-02 01:30:00
3583,5270,478,1960.0,3,25,1,0,0,0,1,0,42.7,-71.2,0.1,10,0,29.345803990176492,-78.2559690410978,3.0,7/14/1960,14:45:00,1900-01-01 17:45:00
3599,5115,323,1960.0,3,26,2,1,0,0,3,0,43,-84.98,2,50,0,30.105508717005748,-95.60992344387512,3.0,5/28/1960,16:00:00,1900-01-01 19:00:00
3644,4871,79,1960.0,3,20,3,0,0,0,1,0,39.05,-95,0.1,10,1,38.98053526591209,-91.08512354806899,0.0,4/16/1960,12:05:00,1900-01-01 12:05:00
3695,5227,435,1960.0,3,46,4,1,0,0,3,0,43.73,-99.95,0.1,10,0,0.05357584829659387,-0.13082801086203186,21.0,6/26/1960,21:00:00,1900-01-02 18:00:00
3699,20160,368,1960.0,3,48,50,0,0,0,0,0,35.2,-102.07,0.1,10,0,0.37904021599334237,-0.9444894783628385,93.0,6/11/1960,15:00:00,1900-01-05 12:00:00
3713,20351,559,1960.0,3,12,22,1,0,0,3,0,30.3,-85.85,0.1,10,0,0.31198292888106777,-0.8395698147306037,52.0,9/15/1960,6:55:00,1900-01-03 10:55:00
3762,4877,85,1960.0,3,39,1,0,0,0,3,0,41.1,-83.7,0.8,77,0,0.48536886613308217,-1.0855850768989326,18.0,4/16/1960,16:30:00,1900-01-02 10:30:00
3767,19827,35,1960.0,3,12,5,2,2,0,4,0,30.47,-81.58,0.1,100,0,0.0074753806882370665,-0.019660919283823523,36.0,2/25/1960,6:00:00,1900-01-02 18:00:00
3774,5093,301,1960.0,3,40,82,2,1,0,4,0,35.1,-98.57,0.1,10,0,39.053602645247544,-89.68067133775534,1.0,5/23/1960,18:30:00,1900-01-01 19:30:00
3796,20397,605,1960.0,3,20,53,1,0,0,2,0,37.87,-99.78,0.1,10,1,0.08510237129870857,-0.2358206398181629,59.0,11/27/1960,18:30:00,1900-01-04 05:30:00
3843,19846,54,1960.0,3,47,1,2,1,0,4,0,35.45,-86.78,8.2,10,0,35.04689221630064,-77.0684718063092,3.0,3/30/1960,4:40:00,1900-01-01 07:40:00
3864,20284,492,1960.0,3,40,93,1,0,0,4,0,36.02,-95.37,0.1,10,1,38.62879968407573,-90.09104906620023,3.0,7/25/1960,18:30:00,1900-01-01 21:30:00
3892,20075,281,1960.0,3,29,19,1,0,0,3,0,39.78,-93.08,1.5,40,0,37.01473519464341,-78.25424010623696,7.0,5/20/1960,3:45:00,1900-01-01 10:45:00
3895,20016,224,1960.0,3,31,3,1,0,0,4,0,40.15,-95.95,0.1,10,0,0.23070335943940642,-0.5672484645507008,57.0,5/16/1960,10:00:00,1900-01-03 19:00:00
3898,19855,63,1960.0,3,20,1,1,0,0,4,0,38.08,-97.33,0.1,10,1,33.05943072469249,-100.3817505402647,3.0,3/31/1960,19:20:00,1900-01-01 22:20:00
3930,19913,121,1960.0,3,40,19,2,0,0,2,0,35.18,-97.85,3.3,200,0,34.439421154354484,-99.2856916052581,0.0,4/28/1960,19:45:00,1900-01-01 19:45:00
3949,4900,108,1960.0,3,55,1,1,0,0,3,0,45.67,-90.75,1.9,10,1,38.19067989524346,-86.7408868888552,1.0,4/25/1960,14:00:00,1900-01-01 15:00:00
3958,20068,276,1960.0,3,20,28,2,0,0,3,0,39.12,-95.67,4.1,10,0,1.0349774425194471,-2.3300665851180766,40.0,5/19/1960,21:00:00,1900-01-03 13:00:00
3971,5076,284,1960.0,3,40,80,1,0,0,3,0,33.9,-95.3,0.1,10,1,8.857944677542998,-24.453980615565,15.0,5/20/1960,4:45:00,1900-01-01 19:45:00
4002,4918,126,1960.0,3,40,24,2,0,0,5,0,35.33,-97.62,7.8,500,0,0.2608478979333715,-0.6392143417361625,20.0,4/28/1960,21:05:00,1900-01-02 17:05:00
4071,19909,117,1960.0,3,40,16,0,0,0,0,0,35.8,-98.35,0.1,10,0,35.36021486725603,-100.83397095231724,1.0,4/28/1960,19:30:00,1900-01-01 20:30:00
4108,20274,482,1960.0,3,48,59,1,0,0,3,0,30.23,-97.67,0.2,17,0,0.0009693826600090784,-0.00229364502950522,59.0,7/20/1960,12:20:00,1900-01-03 23:20:00
4166,19997,205,1960.0,3,17,15,1,0,0,5,0,39.3,-90.38,43.5,50,0,3.309594427134047,-7.757522147435896,50.0,5/6/1960,14:00:00,1900-01-03 16:00:00
4183,4981,189,1960.0,3,5,10,2,1,0,5,0,35.82,-94.2,16.9,10,0,30.736540795640117,-89.14461806529376,1.0,5/5/1960,22:00:00,1900-01-01 23:00:00
4191,4829,37,1960.0,3,12,6,0,0,0,4,0,30.25,-81.75,0.1,33,0,1.868859837207849,-4.231608946069241,16.0,3/8/1960,17:15:00,1900-01-02 09:15:00
4198,20327,535,1960.0,3,28,7,1,0,0,4,0,32.3,-90.2,0.5,27,0,43.364011511716114,-100.6200115070006,8.0,8/23/1960,19:00:00,1900-01-02 03:00:00
4204,19925,133,1960.0,3,22,7,1,0,0,5,0,29.8,-92.13,33.2,450,0,35.43665111978095,-95.82976237011788,3.0,4/30/1960,13:00:00,1900-01-01 16:00:00
4210,20318,526,1960.0,3,19,18,1,0,0,4,0,41.3,-94.47,0.1,100,0,0.9174674307220873,-2.0482230043039964,56.0,8/19/1960,13:07:00,1900-01-03 21:07:00
4224,19858,66,1960.0,3,12,13,2,0,0,5,0,30.18,-85.72,0.1,10,0,0.5756488976776392,-1.2508881572032242,37.0,4/10/1960,15:00:00,1900-01-03 04:00:00
4278,5367,575,1960.0,3,12,29,0,0,0,2,0,30.32,-81.77,0.1,10,0,1.060513606615391,-2.108748915618788,17.0,10/8/1960,14:27:00,1900-01-02 07:27:00
4287,20294,502,1960.0,3,20,49,0,0,0,2,0,37.55,-96.77,0.1,10,0,11.595624931094187,-34.81078984774262,57.0,8/2/1960,14:00:00,1900-01-03 23:00:00
4292,20021,229,1960.0,3,17,18,1,0,0,4,0,38.2,-89.7,0.1,10,0,0.33425657145069115,-0.7454515536280539,54.0,5/16/1960,16:45:00,1900-01-03 22:45:00
4311,20109,317,1960.0,3,20,37,0,0,0,1,0,38.17,-95.32,0.1,10,0,0.006669209879229437,-0.01742439730763867,88.0,5/25/1960,15:10:00,1900-01-05 07:10:00
4329,4977,185,1960.0,3,40,57,1,0,0,4,0,35.88,-94.9,4.6,10,0,31.999623291333652,-85.34497916020842,1.0,5/5/1960,21:00:00,1900-01-01 22:00:00
4335,4879,87,1960.0,3,19,3,2,0,0,4,0,40.8,-93.3,9.5,200,0,35.74940414010745,-98.59065911742564,1.0,4/16/1960,16:40:00,1900-01-01 17:40:00
4343,5228,436,1960.0,3,46,5,0,0,0,3,0,45.52,-98.62,0.1,10,0,1.200831133234342,-3.1467982808707418,20.0,6/26/1960,22:05:00,1900-01-02 18:05:00
4344,20230,438,1960.0,3,46,6,1,0,0,3,0,43.33,-98.35,0.1,10,0,31.507765137353918,-97.19702180957098,7.0,6/27/1960,16:15:00,1900-01-01 23:15:00
4346,20314,522,1960.0,3,31,41,2,0,0,4,0,41.4,-102.35,0.1,10,0,0.00033199554069119285,-0.0010683389074693421,43.0,8/17/1960,19:35:00,1900-01-03 14:35:00
4375,5194,402,1960.0,3,12,18,1,0,0,3,0,27.72,-82.43,0.1,10,0,39.39326359187478,-97.09903838037397,3.0,6/20/1960,15:45:00,1900-01-01 18:45:00
4424,5346,554,1960.0,3,51,5,2,0,0,4,0,37.32,-78.63,1,10,0,22.884469318446733,-46.31052132392061,6.0,9/11/1960,13:00:00,1900-01-01 19:00:00
4455,20167,375,1960.0,3,31,13,1,0,0,5,0,42.45,-97.48,1,300,1,0.006371739771065668,-0.01691533163495534,58.0,6/14/1960,21:00:00,1900-01-04 07:00:00
4478,19805,13,1960.0,3,5,2,1,2,0,4,0,35.3,-91.58,6.4,83,0,32.63916280827636,-92.14280790214256,1.0,2/9/1960,15:45:00,1900-01-01 16:45:00
4501,20036,244,1960.0,3,46,1,0,0,0,0,0,43.32,-100.65,0.1,10,0,5.038494668109669,-10.632253450577203,81.0,5/18/1960,17:16:00,1900-01-05 02:16:00
4517,19966,174,1960.0,3,40,47,3,15,2,5,0,35.48,-95.85,0.8,150,0,0.26466326182533356,-0.5921765929696606,31.0,5/5/1960,18:30:00,1900-01-03 01:30:00
4525,20057,265,1960.0,3,20,24,3,1,0,0,0,39.23,-95.43,11.5,10,0,0.23735033019423907,-0.4830211825916038,31.0,5/19/1960,18:35:00,1900-01-03 01:35:00
4530,20040,247,1960.0,3,48,27,0,0,0,0,0,32.27,-98.82,0.6,33,0,30.698774200168174,-79.17155528487372,15.0,5/18/1960,18:43:00,1900-01-02 09:43:00
4542,5299,507,1960.0,3,38,16,2,1,0,1,0,48.3,-101.3,0.1,10,0,44.2352900536359,-93.61095635094783,1.0,8/3/1960,16:30:00,1900-01-01 17:30:00
4556,19980,188,1960.0,3,19,6,1,0,0,4,0,41.67,-93.95,1,100,0,35.68305537509213,-87.88710023792503,4.0,5/5/1960,21:30:00,1900-01-02 01:30:00
4575,5276,484,1960.0,3,35,4,0,0,0,0,0,34.35,-103.68,0.1,10,0,0.0015172537566536344,-0.004207728578830845,21.0,7/22/1960,15:25:00,1900-01-02 12:25:00
4591,5234,442,1960.0,3,8,11,3,3,2,5,0,40.82,-102.43,6.5,10,0,40.44189511239931,-89.00573050095421,2.0,6/28/1960,18:30:00,1900-01-01 20:30:00
4602,4903,111,1960.0,3,48,10,1,0,0,3,0,27.78,-97.42,0.3,17,0,0.3179225,-0.7662879166666667,20.0,4/26/1960,15:30:00,1900-01-02 11:30:00
4609,5370,578,1960.0,3,48,66,3,1,0,5,0,34.63,-102.72,1,100,0,1.792688162933656,-4.431641069594417,20.0,10/13/1960,17:05:00,1900-01-02 13:05:00
4635,19832,40,1960.0,3,12,8,1,0,0,5,0,28.13,-81.93,1,100,0,0.36977875915308117,-0.9616810315560221,50.0,3/16/1960,8:25:00,1900-01-03 10:25:00
4638,5323,531,1960.0,3,48,62,1,0,0,3,0,29.63,-97.98,0.1,17,0,0.0071539511269262,-0.018717889279210136,21.0,8/21/1960,15:15:00,1900-01-02 12:15:00
4680,4976,184,1960.0,3,40,56,4,13,5,5,0,35.38,-94.55,5.4,10,0,38.14463818612474,-99.6962162316307,1.0,5/5/1960,20:50:00,1900-01-01 21:50:00
4692,20237,445,1960.0,3,17,37,1,0,0,3,0,38.62,-89.13,0.1,10,0,41.85110824532484,-77.27440173205393,5.0,6/29/1960,16:30:00,1900-01-01 21:30:00
4696,5020,228,1960.0,3,17,17,1,0,0,4,0,38.18,-89.83,0.1,10,0,42.804142823807645,-90.36921313844314,1.0,5/16/1960,16:45:00,1900-01-01 17:45:00
4716,5137,345,1960.0,3,17,27,2,1,0,5,0,40.53,-89.08,56.2,20,0,37.16806767291475,-115.72683847994733,4.0,6/7/1960,18:00:00,1900-01-01 22:00:00
4734,20072,280,1960.0,3,29,18,1,0,0,3,0,38.8,-93.75,0.2,17,0,0.9044339552512553,-2.5415982824912278,55.0,5/19/1960,23:20:00,1900-01-04 06:20:00
4760,5253,461,1960.0,3,29,28,1,0,0,4,0,38.88,-92.1,0.2,17,0,0.04463309491277096,-0.0901512883555221,19.0,7/2/1960,11:20:00,1900-01-02 06:20:00
4764,20315,523,1960.0,3,47,2,1,0,0,4,0,36.5,-86.67,0.1,10,0,30.755996929005327,-84.32648360971093,3.0,8/18/1960,11:30:00,1900-01-01 14:30:00
4778,20198,406,1960.0,3,8,8,2,0,0,4,0,40.98,-103.13,2.5,67,0,0.0934994313270552,-0.4944768599979703,43.0,6/20/1960,20:15:00,1900-01-03 15:15:00
4787,4855,63,1960.0,3,20,1,1,0,0,4,0,38.08,-97.33,0.1,10,1,35.20815063172985,-99.73011932163126,0.0,3/31/1960,19:20:00,1900-01-01 19:20:00
4795,20153,361,1960.0,3,31,12,1,0,0,3,0,41.78,-97.93,2.5,10,0,0.30078293132328304,-0.6678915661641541,58.0,6/10/1960,15:05:00,1900-01-04 01:05:00
4830,4885,93,1960.0,3,20,7,1,0,0,1,0,37.52,-97.05,0.3,10,0,38.32486322690458,-88.11496852244221,1.0,4/16/1960,19:00:00,1900-01-01 20:00:00
4831,19926,134,1960.0,3,17,12,1,0,0,3,0,40.27,-89.23,0.2,30,0,2.711888968075952,-6.691576761449674,50.0,5/2/1960,16:00:00,1900-01-03 18:00:00
4855,5106,314,1960.0,3,31,10,1,0,0,3,0,42.92,-98.83,0.1,10,0,33.29786244499023,-89.81776872580686,2.0,5/25/1960,3:00:00,1900-01-01 05:00:00
4867,5068,276,1960.0,3,20,28,2,0,0,3,0,39.12,-95.67,4.1,10,0,0.17270725805895132,-0.4529402121845959,20.0,5/19/1960,21:00:00,1900-01-02 17:00:00
4879,4911,119,1960.0,3,20,10,3,6,0,4,0,37.7,-97.58,7.1,440,0,1.0224902119673702,-2.665044985465822,20.0,4/28/1960,19:45:00,1900-01-02 15:45:00
4885,20332,540,1960.0,3,27,7,2,0,0,4,0,46.7,-95.67,0.1,10,0,2.4141618363329185,-5.585837899327474,38.0,8/25/1960,20:00:00,1900-01-03 10:00:00
4903,20127,335,1960.0,3,46,3,0,0,0,5,0,44.63,-97.62,0.1,10,0,33.92014218688988,-93.66560451731075,10.0,6/1/1960,16:45:00,1900-01-02 02:45:00
4930,5201,409,1960.0,3,31,29,3,0,0,4,0,41.38,-103.38,26.1,750,0,0.30468402963572755,-0.8549132853614795,21.0,6/21/1960,0:30:00,1900-01-01 21:30:00
4932,20225,433,1960.0,3,48,56,2,0,0,4,0,31.18,-94.77,0.7,100,0,41.51021626062571,-100.18072195948713,4.0,6/26/1960,18:00:00,1900-01-01 22:00:00
4933,20142,350,1960.0,3,12,17,1,1,0,3,0,27.68,-80.9,0.1,10,0,4.503756041632155,-9.586681140046734,43.0,6/8/1960,21:00:00,1900-01-03 16:00:00
4946,20338,546,1960.0,3,55,9,2,0,0,4,0,44.07,-90.8,0.5,50,0,40.59205802291824,-87.2900520659992,1.0,8/28/1960,17:00:00,1900-01-01 18:00:00
4950,5265,473,1960.0,3,38,5,2,0,0,0,0,47,-97.2,6.9,10,0,35.59540431368093,-96.99032525975952,2.0,7/11/1960,18:15:00,1900-01-01 20:15:00
4965,4811,19,1960.0,3,5,4,3,10,0,4,0,35.35,-91.32,3.8,100,0,31.598442466869713,-101.64213042530889,2.0,2/9/1960,22:25:00,1900-01-02 00:25:00
4990,5394,602,1960.0,3,5,28,1,0,0,4,0,34.77,-94.4,0.1,10,0,38.81499272011499,-89.85522849905499,1.0,11/23/1960,18:25:00,1900-01-01 19:25:00
5001,5342,550,1960.0,3,20,51,1,0,0,3,0,37.78,-97.42,0.1,10,0,0.0074016941334426115,-0.017671920721473916,20.0,9/8/1960,15:00:00,1900-01-02 11:00:00
5023,19972,180,1960.0,3,40,52,2,6,2,5,0,35.3,-95.5,11.7,200,0,37.38419892524323,-98.48956517887466,1.0,5/5/1960,19:30:00,1900-01-01 20:30:00
5031,20340,548,1960.0,3,19,22,1,0,0,3,0,43.1,-93.27,1,200,0,0.7294362641718177,-1.6937539207273216,55.0,8/28/1960,19:44:00,1900-01-04 02:44:00
5039,20007,215,1960.0,3,28,5,0,0,0,3,0,32.52,-90.15,0.1,10,0,33.178037689491674,-83.92921478983624,4.0,5/15/1960,14:30:00,1900-01-01 18:30:00
5063,4890,98,1960.0,3,40,14,1,0,0,3,0,36.97,-95.35,1,100,0,41.2096895038022,-92.02109444869781,1.0,4/16/1960,22:15:00,1900-01-01 23:15:00
5085,20206,414,1960.0,3,17,32,0,0,0,3,0,38.82,-90.05,0.1,10,0,39.76190400258974,-104.27175141192748,10.0,6/22/1960,22:00:00,1900-01-02 08:00:00
5102,20364,572,1960.0,3,35,6,0,0,0,0,0,35.2,-106,0.1,10,0,35.96260541093066,-90.49558630902071,11.0,10/7/1960,12:25:00,1900-01-01 23:25:00
5159,5148,356,1960.0,3,56,4,0,0,0,0,0,41.57,-106.95,1,33,0,38.432243284886674,-95.73603328404792,1.0,6/9/1960,18:24:00,1900-01-01 19:24:00
5170,4882,90,1960.0,3,20,8,2,1,0,1,0,37.8,-96.83,0.1,10,0,36.337856789493934,-99.88265184879025,0.0,4/16/1960,17:00:00,1900-01-01 17:00:00
5202,5003,211,1960.0,3,1,5,2,0,0,5,0,30.5,-88.1,0.2,100,0,37.13575269252701,-86.62632994282382,1.0,5/7/1960,19:30:00,1900-01-01 20:30:00
5210,19828,36,1960.0,3,12,4,3,0,0,5,0,30.2,-82.63,0.8,100,0,37.79285571428573,-89.11667240079368,3.0,3/3/1960,4:30:00,1900-01-01 07:30:00
5219,5071,279,1960.0,3,20,29,1,0,0,1,0,37.17,-94.83,0.1,10,0,0.09648974423037447,-0.268921992727486,20.0,5/19/1960,23:20:00,1900-01-02 19:20:00
5222,20248,456,1960.0,3,29,27,0,0,0,2,0,38.9,-90.52,0.2,10,0,33.659956120943654,-88.35305748689214,5.0,6/30/1960,16:00:00,1900-01-01 21:00:00
5255,5382,590,1960.0,3,12,30,2,0,1,3,0,26.45,-82.05,0.1,10,0,39.007837515584846,-98.67041123383859,4.0,11/15/1960,14:20:00,1900-01-01 18:20:00
5311,5222,430,1960.0,3,33,1,1,0,0,3,0,43.4,-71.4,0.5,50,0,34.190410563167404,-87.26795720582554,3.0,6/25/1960,19:00:00,1900-01-01 22:00:00
5313,5292,500,1960.0,3,27,5,1,0,0,4,0,46.42,-96.23,0.1,10,0,34.79515609816529,-100.90241340212734,2.0,7/29/1960,16:15:00,1900-01-01 18:15:00
5314,19921,129,1960.0,3,40,27,2,1,3,4,0,35.35,-96.53,6.1,800,0,0.1504915441950322,-0.3177100496917758,41.0,4/29/1960,15:07:00,1900-01-03 08:07:00
5321,4796,4,1960.0,3,48,2,1,3,0,5,0,33.72,-96.68,0.2,17,0,3.6122372862739973,-7.742529940914019,18.0,1/14/1960,11:20:00,1900-01-02 05:20:00
5331,5214,422,1960.0,3,39,6,1,0,0,3,0,40.2,-82.7,1,10,0,0.010307447829316842,-0.0261423014968884,18.0,6/24/1960,16:00:00,1900-01-02 10:00:00
5348,20277,485,1960.0,3,40,92,0,0,0,0,0,36.05,-96.05,0.1,10,1,0.3327738391817482,-0.835496616043998,88.0,7/22/1960,15:57:00,1900-01-05 07:57:00
5357,20220,428,1960.0,3,36,2,3,9,0,7,0,42.8,-73.88,16,440,0,0.38825090965029857,-0.9429912570382959,25.0,6/24/1960,21:40:00,1900-01-02 22:40:00
5362,4935,143,1960.0,3,20,13,2,0,0,3,0,38.63,-100.07,6.1,1000,1,42.92962818001442,-92.84869381007883,1.0,5/4/1960,18:00:00,1900-01-01 19:00:00
5395,20376,584,1960.0,3,48,72,1,0,0,4,0,27.87,-97.58,0.5,27,0,31.88022960475247,-95.94839426570712,2.0,10/18/1960,11:47:00,1900-01-01 13:47:00
5404,4972,180,1960.0,3,40,52,2,6,2,5,0,35.3,-95.5,11.7,200,0,0.42064088151256157,-0.9826903074341296,20.0,5/5/1960,19:30:00,1900-01-02 15:30:00
5412,4908,116,1960.0,3,48,13,1,0,0,0,0,31.72,-97.13,0.2,17,0,0.7076406848484847,-1.441706273160173,20.0,4/28/1960,19:00:00,1900-01-02 15:00:00
5415,20124,332,1960.0,3,48,40,0,0,0,0,0,32.38,-102.77,1,20,0,1.9598046242448215,-4.98525131776559,90.0,5/31/1960,21:30:00,1900-01-05 15:30:00
5419,20154,362,1960.0,3,4,1,0,0,0,0,0,34.97,-110.33,0.1,10,1,42.879917073263194,-89.90151913490905,16.0,6/10/1960,17:20:00,1900-01-02 09:20:00
5449,4813,21,1960.0,3,17,3,1,0,0,3,0,39.25,-88.15,1,27,0,0.6802148797250858,-1.82174147275405,18.0,2/17/1960,14:55:00,1900-01-02 08:55:00
5487,20061,269,1960.0,3,29,16,1,0,0,3,0,37.1,-93.85,0.2,17,0,0.3354341838143502,-0.8953067843610776,56.0,5/19/1960,19:22:00,1900-01-04 03:22:00
5523,5124,332,1960.0,3,48,40,0,0,0,0,0,32.38,-102.77,1,20,0,0.30816540445228185,-0.6831108329591494,21.0,5/31/1960,21:30:00,1900-01-02 18:30:00
5548,4948,156,1960.0,3,40,38,3,6,0,5,0,34.82,-96.83,18.3,10,0,1.4490372079038127,-3.257355963950336,19.0,5/4/1960,20:05:00,1900-01-02 15:05:00
5563,20174,382,1960.0,3,48,52,1,0,0,4,0,36.5,-100.87,0.4,23,0,0.2961305834016766,-0.7146352987874396,60.0,6/15/1960,18:30:00,1900-01-04 06:30:00
5615,20331,539,1960.0,3,46,9,2,1,0,4,0,44.37,-101.02,13.6,200,0,28.153800654176294,-80.89607752976444,10.0,8/25/1960,6:00:00,1900-01-01 16:00:00
5618,20345,553,1960.0,3,36,4,1,0,0,1,0,43.35,-76.28,2,250,0,29.254262688514387,-96.8002524485541,13.0,9/11/1960,13:00:00,1900-01-02 02:00:00
5624,20254,462,1960.0,3,34,3,1,0,0,3,0,40.05,-74.05,2,50,0,0.8173203295383638,-1.6439798400524754,46.0,7/2/1960,23:42:00,1900-01-03 21:42:00
5625,4927,135,1960.0,3,18,5,1,1,0,1,0,41.6,-87.05,0.1,10,0,1.9757764076295348,-6.045602578927262,17.0,5/3/1960,14:00:00,1900-01-02 07:00:00
5655,4931,139,1960.0,3,48,15,0,0,0,0,0,34.02,-100.97,0.1,10,0,37.78991112842014,-97.08021782629774,1.0,5/4/1960,17:40:00,1900-01-01 18:40:00
5710,5154,362,1960.0,3,4,1,0,0,0,0,0,34.97,-110.33,0.1,10,1,0.1948463950617284,-0.487015975308642,22.0,6/10/1960,17:20:00,1900-01-02 15:20:00
5718,20363,571,1960.0,3,12,27,1,0,0,2,0,28,-82.4,0.1,10,0,27.988389779625773,-95.60414934240653,7.0,10/4/1960,5:45:00,1900-01-01 12:45:00
5721,20290,498,1960.0,3,8,14,0,0,0,0,0,40.73,-102.32,0.1,10,0,0.0335917467030306,-0.07809088746679377,93.0,7/29/1960,15:00:00,1900-01-05 12:00:00
5727,4795,3,1960.0,3,40,1,2,0,0,3,0,34.7,-96.8,0.1,10,0,2.5764308244081944,-7.612260035975174,19.0,1/14/1960,7:45:00,1900-01-02 02:45:00
5728,19803,11,1960.0,3,28,1,1,0,0,3,0,32.32,-89.8,17.5,50,0,39.01652722643989,-100.00447112268999,6.0,2/4/1960,19:15:00,1900-01-02 01:15:00
5746,19899,107,1960.0,3,56,1,3,1,0,4,0,41.03,-105.22,17.2,33,0,0.43748863702197904,-0.9094311822709931,33.0,4/24/1960,16:00:00,1900-01-03 01:00:00
5750,4933,141,1960.0,3,40,30,1,0,0,3,0,34.17,-98.8,1,10,0,43.645301915879806,-113.37228956164337,3.0,5/4/1960,17:43:00,1900-01-01 20:43:00
5764,5163,371,1960.0,3,29,22,1,0,0,4,0,39.18,-91.55,4.1,33,0,26.915491528831495,-76.87126564710647,3.0,6/12/1960,17:20:00,1900-01-01 20:20:00
5794,19811,19,1960.0,3,5,4,3,10,0,4,0,35.35,-91.32,3.8,100,0,2.567548741753061,-6.384934154744059,28.0,2/9/1960,22:25:00,1900-01-03 02:25:00
5800,19953,161,1960.0,3,40,41,4,3,0,5,0,34.02,-95.7,30.8,150,0,0.5601999999999999,-1.2372083333333332,24.0,5/4/1960,23:15:00,1900-01-02 23:15:00
5806,20283,490,1960.0,3,35,5,2,0,0,4,0,32.97,-103.4,0.1,10,0,2.2710795802495447,-4.583628443795478,42.0,7/24/1960,21:00:00,1900-01-03 15:00:00
5815,19848,56,1960.0,3,18,1,2,0,0,3,0,39.9,-85.85,0.1,50,0,0.012531433684030834,-0.03285928056043531,38.0,3/30/1960,17:00:00,1900-01-03 07:00:00
5826,19863,71,1960.0,3,48,6,2,3,0,3,0,34.63,-102.72,1,67,0,0.3326160917950371,-0.8796371992342551,43.0,4/12/1960,20:00:00,1900-01-03 15:00:00
5846,5125,333,1960.0,3,38,1,2,0,0,0,0,46.87,-96.9,0.1,10,0,37.90380950665952,-84.65410982899571,2.0,5/31/1960,22:30:00,1900-01-02 00:30:00
5866,20164,372,1960.0,3,29,23,1,0,0,3,0,39.28,-93.97,0.2,17,0,42.006506168676324,-99.08566818213936,2.0,6/13/1960,16:30:00,1900-01-01 18:30:00
5893,5159,367,1960.0,3,27,2,1,0,0,1,0,43.57,-91.47,0.1,10,0,0.983197195989181,-2.2376010973605234,19.0,6/10/1960,20:00:00,1900-01-02 15:00:00
5971,20004,212,1960.0,3,13,3,2,0,0,4,0,32.1,-83.8,1,33,0,0.010897787173097305,-0.027284652802841515,37.0,5/8/1960,12:30:00,1900-01-03 01:30:00
5973,20217,425,1960.0,3,42,1,2,0,0,5,0,40.4,-75.62,9.4,200,0,0.01785995348914886,-0.05092499032763568,34.0,6/24/1960,17:00:00,1900-01-03 03:00:00
5975,5371,579,1960.0,3,48,67,2,0,0,0,0,31.88,-97.07,0.1,17,0,0.0009693826600090784,-0.00229364502950522,20.0,10/15/1960,11:00:00,1900-01-02 07:00:00
6008,5284,492,1960.0,3,40,93,1,0,0,4,0,36.02,-95.37,0.1,10,1,0.46085578880407124,-0.9619322201017814,20.0,7/25/1960,18:30:00,1900-01-02 14:30:00
6023,5186,394,1960.0,3,17,31,1,0,0,3,0,41.25,-87.73,0.1,10,0,1.7502158883136414,-5.20186615443384,18.0,6/16/1960,16:58:00,1900-01-02 10:58:00
6029,4939,147,1960.0,3,48,17,1,0,0,3,0,32.05,-98.38,0.2,10,0,2.028740682259868,-5.322750703523728,19.0,5/4/1960,18:30:00,1900-01-02 13:30:00
6080,5113,321,1960.0,3,1,6,1,0,0,3,0,34.7,-86.1,0.2,10,0,31.525340694638192,-89.38358727438435,0.0,5/27/1960,15:15:00,1900-01-01 15:15:00
6090,20038,246,1960.0,3,20,21,1,0,0,4,0,39.2,-99.83,6.9,100,0,42.161685543647884,-94.37954823803182,3.0,5/18/1960,17:30:00,1900-01-01 20:30:00
6154,5373,581,1960.0,3,48,69,1,0,0,4,0,34,-101.33,0.2,67,0,42.1510877464956,-88.65955277172878,2.0,10/16/1960,3:10:00,1900-01-01 05:10:00
6174,5219,427,1960.0,3,34,2,3,0,0,4,0,40.27,-74.77,12.9,200,1,2.8359648008462632,-7.130661015117895,15.0,6/24/1960,17:30:00,1900-01-02 08:30:00
6191,4955,163,1960.0,3,48,22,1,0,0,3,0,33.12,-95.6,1,30,0,33.61553808261184,-88.56114064754689,1.0,5/5/1960,4:00:00,1900-01-01 05:00:00
6197,19900,108,1960.0,3,55,1,1,0,0,3,0,45.67,-90.75,1.9,10,1,1.7132288578134887,-3.9723304086748765,53.0,4/25/1960,14:00:00,1900-01-03 19:00:00
6228,20383,591,1960.0,3,29,29,2,0,0,4,0,38.22,-91.72,1.3,100,0,39.10106959173185,-103.17228333729341,3.0,11/15/1960,14:25:00,1900-01-01 17:25:00
6234,20081,289,1960.0,3,48,32,1,0,0,4,0,33.37,-96.07,0.4,33,0,29.354215318768123,-97.98321580976258,2.0,5/20/1960,6:15:00,1900-01-01 08:15:00
6244,20076,284,1960.0,3,40,80,1,0,0,3,0,33.9,-95.3,0.1,10,1,2.7514271528326457,-7.761074264038859,53.0,5/20/1960,4:45:00,1900-01-03 09:45:00
6246,19895,103,1960.0,3,17,9,2,0,0,4,0,38.92,-88.67,21.9,200,0,32.00878995354255,-86.52535610940566,3.0,4/18/1960,8:30:00,1900-01-01 11:30:00
6254,5389,597,1960.0,3,29,32,2,0,0,4,0,38.07,-91.72,2,17,0,38.37100610516998,-99.38401873537413,1.0,11/15/1960,16:10:00,1900-01-01 17:10:00
6264,20189,397,1960.0,3,20,44,1,0,0,1,0,39.18,-101.2,0.1,10,0,40.98166513022546,-88.56132874673695,6.0,6/17/1960,23:20:00,1900-01-02 05:20:00
6275,5275,483,1960.0,3,48,58,1,0,0,3,0,29.25,-98.65,1,13,0,0.006669209879229437,-0.01742439730763867,21.0,7/21/1960,14:55:00,1900-01-02 11:55:00
6284,4863,71,1960.0,3,48,6,2,3,0,3,0,34.63,-102.72,1,67,0,39.657717688627784,-94.52592765664335,1.0,4/12/1960,20:00:00,1900-01-01 21:00:00
6297,4914,122,1960.0,3,40,20,3,2,0,4,0,35.22,-97.95,3.6,200,0,35.403026035819934,-79.32846158596834,3.0,4/28/1960,20:50:00,1900-01-01 23:50:00
6312,20304,512,1960.0,3,51,4,2,0,0,4,0,38.47,-78.62,0.1,10,0,0.02147223685817284,-0.058611235210970676,35.0,8/6/1960,22:30:00,1900-01-03 09:30:00
6314,4913,121,1960.0,3,40,19,2,0,0,2,0,35.18,-97.85,3.3,200,0,43.18252862649695,-100.47100875201726,1.0,4/28/1960,19:45:00,1900-01-01 20:45:00
6319,5358,566,1960.0,3,40,97,1,0,0,3,0,34.7,-96.4,0.1,10,1,32.41266902415565,-81.24782378346067,2.0,9/22/1960,19:00:00,1900-01-01 21:00:00
6330,20168,376,1960.0,3,31,14,2,0,0,4,0,42.3,-97.7,1,100,0,0.5484103863796385,-1.3289512740706133,41.0,6/14/1960,22:00:00,1900-01-03 15:00:00
6344,4985,193,1960.0,3,5,12,2,1,0,4,0,36.12,-93.92,13.2,167,0,0.16976412947627612,-0.40009801731764993,20.0,5/6/1960,0:30:00,1900-01-01 20:30:00
6366,5133,341,1960.0,3,17,25,0,0,0,0,0,39.1,-89.2,0.1,10,1,1.4295511787050876,-3.2975268214373927,18.0,6/4/1960,18:00:00,1900-01-02 12:00:00
6368,4805,13,1960.0,3,5,2,1,2,0,4,0,35.3,-91.58,6.4,83,0,40.10644534453444,-90.8445817629442,1.0,2/9/1960,15:45:00,1900-01-01 16:45:00
6381,19916,124,1960.0,3,40,22,3,1,0,5,0,35.3,-97.83,1.5,200,0,31.468674967067162,-92.29949294967957,2.0,4/28/1960,20:58:00,1900-01-01 22:58:00
6401,5297,505,1960.0,3,38,10,2,0,0,3,0,46.9,-99.3,0.1,10,0,0.10487500741213575,-0.24172480300885243,20.0,8/2/1960,19:00:00,1900-01-02 15:00:00
6403,4822,30,1960.0,3,37,3,1,0,0,0,0,35.63,-80.12,0.1,10,0,0.014480186386469968,-0.035944731465575044,17.0,2/18/1960,17:30:00,1900-01-02 10:30:00
6409,4828,36,1960.0,3,12,4,3,0,0,5,0,30.2,-82.63,0.8,100,0,34.768765975106966,-100.30467101820243,3.0,3/3/1960,4:30:00,1900-01-01 07:30:00
6423,19949,157,1960.0,3,40,39,3,4,0,5,0,35.52,-97.62,5.1,400,0,0.6655590030030031,-1.7342961486486488,31.0,5/4/1960,21:00:00,1900-01-03 04:00:00
6469,5348,556,1960.0,3,37,8,1,0,0,4,0,34.6,-78.6,15.4,800,0,0.2776444572808917,-0.579460369866122,17.0,9/11/1960,16:00:00,1900-01-02 09:00:00
6480,5080,288,1960.0,3,48,31,1,1,0,3,0,33.6,-96.17,4.6,17,0,33.76858103795324,-80.25369963354208,2.0,5/20/1960,6:00:00,1900-01-01 08:00:00
6490,20285,493,1960.0,3,27,4,1,0,0,4,0,47.03,-96.2,0.1,10,0,35.541431813486234,-86.27880723621405,8.0,7/25/1960,23:54:00,1900-01-02 07:54:00
6504,19893,101,1960.0,3,26,1,1,0,0,4,0,42.93,-85.72,1.5,300,1,34.453847927429244,-86.2017629149202,5.0,4/17/1960,2:55:00,1900-01-01 07:55:00
6515,4816,24,1960.0,3,22,3,1,0,0,4,0,30.2,-93.33,1,100,0,46.48146756899532,-100.35802664483737,3.0,2/18/1960,3:42:00,1900-01-01 06:42:00
6517,19959,167,1960.0,3,40,42,0,0,0,0,0,34.35,-99.03,0.1,10,1,40.833274213241396,-89.749695519651,9.0,5/5/1960,15:00:00,1900-01-02 00:00:00
6518,20148,356,1960.0,3,56,4,0,0,0,0,0,41.57,-106.95,1,33,0,0.321455,-0.6182291666666667,96.0,6/9/1960,18:24:00,1900-01-05 18:24:00
6520,20024,232,1960.0,3,40,61,0,0,0,0,0,35.93,-96.3,0.1,10,1,3.9471959098639458,-8.778244702380952,80.0,5/17/1960,16:00:00,1900-01-05 00:00:00
6538,20400,608,1960.0,3,20,56,2,0,0,3,0,38.38,-97.58,0.1,10,0,0.013043715916812337,-0.03629464822568999,42.0,11/27/1960,19:55:00,1900-01-03 13:55:00
6557,5016,224,1960.0,3,31,3,1,0,0,4,0,40.15,-95.95,0.1,10,0,31.383493489937635,-83.52745920422338,2.0,5/16/1960,10:00:00,1900-01-01 12:00:00
6567,20399,606,1960.0,3,20,54,1,0,0,3,0,38.35,-98.35,0.1,10,1,38.82087822269717,-98.01819754320259,0.0,11/27/1960,19:30:00,1900-01-01 19:30:00
6574,19898,106,1960.0,3,48,9,2,0,0,4,0,30.82,-102.93,0.3,67,0,36.50143259574676,-82.06545391730673,8.0,4/23/1960,19:00:00,1900-01-02 03:00:00
6577,19993,201,1960.0,3,5,17,2,2,0,5,0,33.8,-93.45,2.6,320,0,17.34500845671168,-30.61818924409605,25.0,5/6/1960,8:30:00,1900-01-02 09:30:00
6588,5078,286,1960.0,3,48,29,2,0,0,5,0,33.63,-96.58,2.7,67,0,0.9990726161330821,-2.55732043404179,20.0,5/20/1960,5:15:00,1900-01-02 01:15:00
6624,20296,504,1960.0,3,38,9,0,0,0,0,0,47.1,-102.9,0.1,10,1,0.12679017379679144,-0.37509004010695185,92.0,8/2/1960,17:00:00,1900-01-05 13:00:00
6642,4929,137,1960.0,3,48,14,1,0,0,3,0,29.6,-96.95,0.2,17,0,35.346239478745915,-95.08172114011542,1.0,5/4/1960,14:40:00,1900-01-01 15:40:00
6671,19978,186,1960.0,3,40,58,2,0,0,4,0,35.28,-95.58,1,400,0,38.6300343280853,-89.40513897592582,2.0,5/5/1960,21:30:00,1900-01-01 23:30:00
